user,local_date,hr_avg,hr_std,hr_max,hr_min,subject_id,date,Q1,Q2,Q3,S1,S2,S3,S4,date-1
user01,2020-08-31,88.04832064358568,8.985455329646918,118.98,61.63,user01,2020-08-31,0,0,0,0,1,1,1,2020-08-30
user01,2020-09-05,86.94846183696733,13.987130245574384,160.87,57.43,user01,2020-09-05,1,0,1,1,1,0,1,2020-09-04
user01,2020-09-07,83.27650227998177,12.863235373392461,165.08,54.07,user01,2020-09-07,1,0,1,1,1,1,1,2020-09-06
user01,2020-09-08,83.18378108160748,13.507035428371733,131.33,55.72,user01,2020-09-08,0,1,1,0,1,1,1,2020-09-07
user01,2020-09-09,87.78992028985508,9.67274144160698,108.23,60.93,user01,2020-09-09,0,0,1,0,0,0,1,2020-09-08
user01,2020-09-12,85.02695249597423,13.203509999068466,133.08,55.53,user01,2020-09-12,0,0,1,0,0,1,1,2020-09-11
user01,2020-09-13,85.96202158382732,13.591047429082963,143.28,55.02,user01,2020-09-13,0,0,1,1,1,1,0,2020-09-12
user01,2020-09-14,84.27497930463576,12.474020524719288,147.93,56.05,user01,2020-09-14,1,1,0,0,1,0,1,2020-09-13
user01,2020-09-18,91.42829437229436,14.997934289165288,142.1,56.83,user01,2020-09-18,0,1,0,0,1,0,1,2020-09-17
user01,2020-09-19,85.57260082644629,11.692993497500353,156.72,55.43,user01,2020-09-19,1,0,0,1,1,0,1,2020-09-18
user01,2020-09-20,88.13611241892865,14.050148086286532,182.12,56.55,user01,2020-09-20,1,0,0,0,1,1,1,2020-09-19
user01,2020-09-23,89.73308817515493,19.815242688877376,157.13,56.27,user01,2020-09-23,0,0,1,0,0,0,0,2020-09-22
user01,2020-09-24,104.79033333333334,1.80546007764061,108.28,102.95,user01,2020-09-24,0,0,1,0,1,1,1,2020-09-23
user01,2020-09-25,86.69455037647901,13.914095506483779,150.97,56.1,user01,2020-09-25,0,1,1,0,1,1,1,2020-09-24
user01,2020-09-26,87.05874071202429,14.157470971500738,135.22,55.45,user01,2020-09-26,0,0,1,0,1,0,1,2020-09-25
user02,2020-08-31,88.7936231884058,3.363546347591411,95.18,74.5,user02,2020-08-31,0,0,0,0,1,1,1,2020-08-30
user02,2020-09-01,87.3307828525641,12.292926517135324,150.48,56.12,user02,2020-09-01,0,0,0,0,1,1,1,2020-08-31
user02,2020-09-02,86.38970600656206,9.027500002432417,142.82,56.15,user02,2020-09-02,1,0,0,0,0,0,1,2020-09-01
user02,2020-09-03,85.00092311453368,12.82057476559239,165.52,53.88,user02,2020-09-03,0,0,0,0,1,1,1,2020-09-02
user02,2020-09-04,85.00087971274685,13.817063051389434,173.42,48.0,user02,2020-09-04,1,1,0,0,1,0,1,2020-09-03
user02,2020-09-12,91.73977354900096,23.734978374386774,183.68,53.18,user02,2020-09-12,0,1,1,0,0,0,0,2020-09-11
user02,2020-09-13,92.02439117284642,20.394053189783435,184.25,57.28,user02,2020-09-13,0,0,0,1,1,0,1,2020-09-12
user02,2020-09-20,92.88815799298142,15.244592754417338,164.25,66.63,user02,2020-09-20,1,0,1,1,0,0,1,2020-09-19
user02,2020-09-21,89.4448869869675,9.742673614424342,143.15,57.02,user02,2020-09-21,1,0,0,1,1,1,1,2020-09-20
user02,2020-09-22,99.50935667752442,20.712375174819755,189.05,62.18,user02,2020-09-22,0,0,0,0,0,0,1,2020-09-21
user02,2020-09-23,89.14623705186953,11.498300164168091,165.14,55.92,user02,2020-09-23,0,1,0,1,1,1,0,2020-09-22
user02,2020-09-25,87.1655725294497,10.079478210757232,145.95,55.57,user02,2020-09-25,1,1,0,0,0,0,0,2020-09-24
user02,2020-09-26,90.47236564775987,22.327329340767356,200.38,52.0,user02,2020-09-26,1,1,1,1,0,0,1,2020-09-25
user03,2020-08-31,66.4213907527144,11.833272302321841,132.87,49.35,user03,2020-08-31,0,0,0,0,0,1,1,2020-08-30
user03,2020-09-03,80.55047647551778,12.581201957929567,162.6,49.0,user03,2020-09-03,0,1,0,0,0,1,1,2020-09-02
user03,2020-09-04,78.54032973345589,7.008096756512838,104.13,49.0,user03,2020-09-04,0,0,0,1,1,1,0,2020-09-03
user03,2020-09-06,69.98852726106479,10.498907799765554,115.82,52.3,user03,2020-09-06,0,0,1,0,1,1,0,2020-09-05
user03,2020-09-14,92.67991966573558,22.379618575705837,174.25,53.8,user03,2020-09-14,1,1,0,1,1,1,1,2020-09-13
user03,2020-09-15,88.96389439681948,19.59506092301223,189.6,58.62,user03,2020-09-15,0,0,0,0,1,1,0,2020-09-14
user03,2020-09-17,86.2926178749388,18.123660832400713,178.45,50.0,user03,2020-09-17,1,0,0,0,1,1,0,2020-09-16
user03,2020-09-21,88.42475687155805,23.27912598226898,195.15,51.2,user03,2020-09-21,1,1,1,0,1,1,0,2020-09-20
user03,2020-09-22,87.98562996031745,18.351474585926077,177.13,49.0,user03,2020-09-22,1,1,0,0,1,1,1,2020-09-21
user03,2020-09-23,82.20236075163061,13.94803432807211,174.67,48.5,user03,2020-09-23,1,0,0,0,1,1,1,2020-09-22
user03,2020-09-24,84.49606617357777,18.46017725283349,166.47,56.0,user03,2020-09-24,1,1,0,0,1,0,1,2020-09-23
user04,2020-08-31,87.40353028980847,16.658837122243483,186.03,55.0,user04,2020-08-31,0,1,0,0,0,0,0,2020-08-30
user04,2020-09-01,82.31170591713061,16.5775284042176,189.77,58.0,user04,2020-09-01,0,1,0,1,1,1,1,2020-08-31
user04,2020-09-02,79.60568440759562,12.496619034737583,167.2,57.82,user04,2020-09-02,0,1,1,0,1,1,1,2020-09-01
user04,2020-09-03,78.99418966498703,13.93352196549194,172.58,52.77,user04,2020-09-03,0,1,0,0,0,0,0,2020-09-02
user04,2020-09-04,81.12152263866632,13.208773274591286,167.97,58.13,user04,2020-09-04,1,1,1,1,1,1,1,2020-09-03
user04,2020-09-05,82.27412372815692,13.699227730147946,133.52,49.0,user04,2020-09-05,1,1,1,1,1,1,1,2020-09-04
user04,2020-09-06,77.2850199793472,12.729167628549366,198.33,55.02,user04,2020-09-06,1,1,1,0,1,1,1,2020-09-05
user04,2020-09-07,80.39829042447319,10.207261069679072,157.83,52.0,user04,2020-09-07,0,1,1,0,0,1,0,2020-09-06
user04,2020-09-08,77.92216907437133,9.392805149687177,150.65,56.6,user04,2020-09-08,1,1,0,1,1,1,1,2020-09-07
user04,2020-09-09,71.76092972181551,3.390656837103812,85.0,61.0,user04,2020-09-09,1,1,0,0,0,0,0,2020-09-08
user04,2020-09-10,81.4912203431828,16.184404236631842,180.6,59.25,user04,2020-09-10,1,1,0,1,1,0,1,2020-09-09
user04,2020-09-11,83.05924081279723,12.608155441157095,162.95,60.47,user04,2020-09-11,0,0,0,0,0,0,1,2020-09-10
user04,2020-09-13,85.2977628871031,17.568053350562753,177.85,59.2,user04,2020-09-13,0,1,1,0,1,1,1,2020-09-12
user04,2020-09-14,83.62876992967283,12.525196373296316,141.45,60.0,user04,2020-09-14,1,1,1,1,1,1,1,2020-09-13
user04,2020-09-15,81.86862591528408,15.180148601185984,170.4,54.0,user04,2020-09-15,0,1,0,1,1,0,1,2020-09-14
user04,2020-09-16,80.94245369137727,12.071996669060582,151.3,57.0,user04,2020-09-16,1,1,0,0,1,1,1,2020-09-15
user04,2020-09-17,78.2757835808608,11.460064289553694,139.53,55.0,user04,2020-09-17,1,0,0,1,1,0,1,2020-09-16
user04,2020-09-18,81.693022089237,14.40896949879647,152.65,48.0,user04,2020-09-18,1,1,0,0,0,0,1,2020-09-17
user04,2020-09-19,73.70217692994198,11.188064305821536,146.92,48.72,user04,2020-09-19,0,1,1,0,0,0,1,2020-09-18
user04,2020-09-20,77.5692302347511,14.590044450066452,165.37,50.02,user04,2020-09-20,0,1,1,0,1,1,1,2020-09-19
user04,2020-09-21,82.10767133604459,13.850352192063795,170.88,49.0,user04,2020-09-21,1,1,0,0,1,1,1,2020-09-20
user04,2020-09-22,77.85347406163858,11.24650315251197,154.17,49.0,user04,2020-09-22,1,1,0,0,0,0,0,2020-09-21
user04,2020-09-23,82.77900029394473,13.110699139267767,162.58,59.73,user04,2020-09-23,0,1,0,0,1,1,1,2020-09-22
user04,2020-09-24,79.47397811544955,12.95762959451153,148.03,53.45,user04,2020-09-24,1,0,0,1,1,1,1,2020-09-23
user04,2020-09-25,81.70165940699985,12.422206801638266,143.15,55.0,user04,2020-09-25,1,1,0,1,1,1,0,2020-09-24
user04,2020-09-26,81.69187462686567,12.775166195253318,168.15,54.88,user04,2020-09-26,1,1,1,0,1,1,1,2020-09-25
user05,2020-08-31,97.53783333333332,4.024641090079317,104.02,89.27,user05,2020-08-31,0,1,0,0,0,0,0,2020-08-30
user05,2020-09-01,84.87014307662763,17.05856657020228,155.68,56.05,user05,2020-09-01,0,0,0,0,1,1,1,2020-08-31
user05,2020-09-02,85.11378289473684,15.8805933031423,143.82,58.03,user05,2020-09-02,1,0,0,1,1,0,1,2020-09-01
user05,2020-09-03,84.93627355072464,13.179562907339077,129.8,57.62,user05,2020-09-03,1,1,0,1,1,1,1,2020-09-02
user05,2020-09-04,84.8260890410959,12.313781540409455,151.75,58.43,user05,2020-09-04,1,1,1,0,1,0,0,2020-09-03
user05,2020-09-05,87.29180077606453,14.959999286646127,172.07,57.28,user05,2020-09-05,1,1,1,1,1,1,1,2020-09-04
user05,2020-09-06,83.3325858144405,9.364337321627042,134.38,54.98,user05,2020-09-06,0,1,0,0,0,1,0,2020-09-05
user05,2020-09-07,85.65774286429645,18.31121015399038,146.57,53.87,user05,2020-09-07,0,0,0,0,1,0,1,2020-09-06
user05,2020-09-08,87.81496511627907,16.22644446989136,129.12,54.4,user05,2020-09-08,0,1,1,0,0,0,1,2020-09-07
user05,2020-09-09,90.61608214706682,23.452068585295716,183.67,53.53,user05,2020-09-09,0,0,0,0,1,1,1,2020-09-08
user05,2020-09-10,86.19027048741296,13.12369515522638,159.58,57.37,user05,2020-09-10,0,0,0,0,1,0,1,2020-09-09
user05,2020-09-11,89.7299923710711,19.613450075180875,162.63,55.65,user05,2020-09-11,0,1,1,0,0,0,0,2020-09-10
user05,2020-09-12,83.76602413793104,12.974231990960034,160.58,54.95,user05,2020-09-12,1,0,1,0,1,1,1,2020-09-11
user05,2020-09-13,83.23432907871052,15.6404224669751,164.93,52.65,user05,2020-09-13,1,1,1,1,1,0,1,2020-09-12
user05,2020-09-14,92.03965003632841,21.344188222366682,182.13,50.0,user05,2020-09-14,1,0,0,1,0,1,0,2020-09-13
user05,2020-09-15,91.26724018315527,20.37694122860253,175.3,52.33,user05,2020-09-15,1,1,1,1,1,0,1,2020-09-14
user05,2020-09-16,90.95498186058565,19.57951419595824,151.58,53.67,user05,2020-09-16,0,1,0,0,1,0,0,2020-09-15
user05,2020-09-17,87.23422522522522,17.50915189051819,152.02,54.47,user05,2020-09-17,0,1,1,1,1,0,1,2020-09-16
user05,2020-09-18,82.77548717948717,14.02039772900146,142.03,52.8,user05,2020-09-18,0,0,0,1,0,0,1,2020-09-17
user05,2020-09-19,86.77197188755021,15.035587675043868,161.5,57.12,user05,2020-09-19,0,0,1,1,1,1,0,2020-09-18
user05,2020-09-20,89.60192368839428,20.904473203012042,156.9,54.68,user05,2020-09-20,0,0,1,0,0,0,0,2020-09-19
user05,2020-09-21,81.89731671718873,13.029266228353356,125.7,54.67,user05,2020-09-21,0,0,0,0,0,1,0,2020-09-20
user05,2020-09-22,98.03942407407408,26.307600735815182,174.17,55.95,user05,2020-09-22,0,0,0,1,1,1,0,2020-09-21
user05,2020-09-23,85.79660192865332,17.305228359050588,169.22,54.63,user05,2020-09-23,0,1,1,1,1,0,1,2020-09-22
user05,2020-09-24,84.36077469135802,15.9426192829771,134.17,54.03,user05,2020-09-24,0,0,0,0,1,1,1,2020-09-23
user05,2020-09-25,91.17556009688163,18.908866678705866,153.55,54.5,user05,2020-09-25,0,1,0,1,1,0,1,2020-09-24
user05,2020-09-26,85.39688652482269,20.662418196455636,165.45,53.12,user05,2020-09-26,0,1,1,0,0,1,0,2020-09-25
user06,2020-09-11,80.44811993846989,14.766054884731712,183.27,56.48,user06,2020-09-11,1,1,0,1,0,0,1,2020-09-10
user06,2020-09-12,81.46791172745957,16.06657425322919,160.75,52.0,user06,2020-09-12,1,0,0,0,1,0,0,2020-09-11
user06,2020-09-13,75.31424909268968,13.212667553538939,198.3,55.03,user06,2020-09-13,1,0,0,1,1,1,1,2020-09-12
user06,2020-09-14,83.92453166794594,14.368100566885996,146.15,60.62,user06,2020-09-14,1,1,0,0,0,0,1,2020-09-13
user06,2020-09-15,80.93293214862682,15.989404139527766,177.77,48.73,user06,2020-09-15,0,0,0,1,1,1,1,2020-09-14
user06,2020-09-16,82.21018465850543,16.08242021965933,167.38,56.2,user06,2020-09-16,1,0,0,1,1,0,1,2020-09-15
user06,2020-09-17,78.28711154589709,14.932348177936346,165.2,57.1,user06,2020-09-17,0,0,1,1,0,0,1,2020-09-16
user06,2020-09-18,80.39550718161506,12.53260395618197,136.5,56.32,user06,2020-09-18,1,1,0,0,0,0,0,2020-09-17
user06,2020-09-19,76.57086799321763,15.331299259176264,162.07,53.03,user06,2020-09-19,1,1,1,0,0,0,1,2020-09-18
user06,2020-09-20,82.04005378329717,13.658841967635125,153.03,59.33,user06,2020-09-20,1,0,1,1,1,1,1,2020-09-19
user06,2020-09-21,78.5313658144896,12.521035843202547,135.68,49.0,user06,2020-09-21,1,1,0,1,1,1,1,2020-09-20
user06,2020-09-22,76.56243907124163,16.2656816599143,190.82,57.13,user06,2020-09-22,1,0,0,0,1,1,1,2020-09-21
user06,2020-09-23,85.62495080956052,13.825555359107321,154.18,59.7,user06,2020-09-23,1,0,0,1,1,1,1,2020-09-22
user06,2020-09-24,85.06803418978402,20.439877408396807,181.22,54.88,user06,2020-09-24,1,1,0,0,0,0,1,2020-09-23
user06,2020-09-25,77.72934694875872,17.18708872832104,186.32,53.0,user06,2020-09-25,1,1,1,0,1,1,1,2020-09-24
user06,2020-09-26,88.57098644986449,14.853280067293953,160.08,52.0,user06,2020-09-26,1,1,1,0,1,1,0,2020-09-25
user06,2020-09-27,73.53446628987759,14.045932421733953,146.05,54.6,user06,2020-09-27,0,1,1,0,0,0,1,2020-09-26
user06,2020-09-28,72.69843823903948,13.949033151294367,163.85,50.42,user06,2020-09-28,0,0,0,0,1,0,1,2020-09-27
user06,2020-09-29,77.55451501116256,14.635265201720463,161.78,56.65,user06,2020-09-29,1,0,0,0,1,0,1,2020-09-28
user06,2020-09-30,71.54259365539028,13.97845805093341,144.13,50.27,user06,2020-09-30,0,0,0,1,0,0,0,2020-09-29
user06,2020-10-01,93.0849209415832,12.24444372337419,143.98,61.0,user06,2020-10-01,0,0,1,0,0,0,1,2020-09-30
user06,2020-10-02,68.365017310253,11.702727622781406,134.65,53.43,user06,2020-10-02,1,1,0,1,0,0,1,2020-10-01
user06,2020-10-03,72.85102844638949,12.526483227792177,131.22,51.78,user06,2020-10-03,1,0,1,1,0,0,0,2020-10-02
user06,2020-10-04,69.79590130629266,13.740134789439391,147.42,49.5,user06,2020-10-04,1,0,0,0,0,0,1,2020-10-03
user06,2020-10-05,76.59691386492115,13.921781839972281,148.4,49.0,user06,2020-10-05,1,1,1,1,1,1,1,2020-10-04
user06,2020-10-06,73.96394285847887,11.52220952315352,140.5,52.5,user06,2020-10-06,0,1,1,0,0,0,0,2020-10-05
user06,2020-10-07,76.29987228884367,13.028542868057492,166.42,55.55,user06,2020-10-07,0,1,0,0,0,0,0,2020-10-06
user07,2020-08-31,72.12606571165011,12.392132726967203,135.93,53.53,user07,2020-08-31,1,1,1,0,1,1,1,2020-08-30
user07,2020-09-01,92.324163213628,17.594833018756194,198.23,52.97,user07,2020-09-01,1,1,0,0,1,1,0,2020-08-31
user07,2020-09-03,88.6421686692768,16.15002185989551,165.15,53.58,user07,2020-09-03,1,1,0,0,1,1,1,2020-09-02
user07,2020-09-04,91.38444276031687,16.574207786700192,198.53,55.55,user07,2020-09-04,0,1,1,0,0,1,0,2020-09-03
user07,2020-09-05,84.2927399632457,15.165071603773029,154.75,54.03,user07,2020-09-05,0,1,0,0,0,0,1,2020-09-04
user07,2020-09-06,87.36066467579843,14.117072228669448,147.78,55.47,user07,2020-09-06,0,0,0,0,0,0,1,2020-09-05
user07,2020-09-07,85.13486355438607,16.145121938451464,164.78,52.75,user07,2020-09-07,1,0,0,0,0,0,1,2020-09-06
user07,2020-09-08,90.93359470828747,19.23147436464624,180.33,53.57,user07,2020-09-08,0,1,0,0,0,0,0,2020-09-07
user07,2020-09-09,90.17704696802646,17.706404362812794,165.82,48.0,user07,2020-09-09,0,0,0,0,0,0,1,2020-09-08
user07,2020-09-10,91.6068895839758,25.109370345984406,205.72,49.72,user07,2020-09-10,1,1,1,1,1,1,0,2020-09-09
user07,2020-09-11,85.26156189112888,17.659633199168084,138.92,53.35,user07,2020-09-11,0,1,1,0,1,1,1,2020-09-10
user07,2020-09-12,86.47771848714432,19.04197484086225,174.98,51.68,user07,2020-09-12,1,1,1,0,1,1,0,2020-09-11
user07,2020-09-13,84.59015727618389,16.972182580990385,157.32,54.68,user07,2020-09-13,1,1,0,0,1,1,1,2020-09-12
user07,2020-09-15,98.37165364410895,26.224197439451252,190.25,46.63,user07,2020-09-15,1,1,0,0,1,1,1,2020-09-14
user07,2020-09-21,86.70897704450326,18.37687976988343,208.05,44.03,user07,2020-09-21,1,0,0,0,1,1,1,2020-09-20
user07,2020-09-22,91.30460176299279,19.584077714433334,192.9,53.43,user07,2020-09-22,1,1,1,0,1,1,1,2020-09-21
user07,2020-09-23,89.7349671592775,16.258849707324615,155.65,52.67,user07,2020-09-23,0,1,0,0,0,1,1,2020-09-22
user07,2020-09-24,108.03749022979522,22.836446444962792,182.87,54.02,user07,2020-09-24,1,0,1,1,1,1,1,2020-09-23
user07,2020-09-25,80.66952604241811,13.951140967384136,154.95,54.45,user07,2020-09-25,0,1,1,0,1,1,1,2020-09-24
user07,2020-09-26,90.29417921790797,18.17689337922947,165.9,39.88,user07,2020-09-26,0,1,1,0,0,0,1,2020-09-25
user08,2020-08-31,84.30865873571263,14.73694594712854,163.87,55.5,user08,2020-08-31,1,1,1,0,0,0,1,2020-08-30
user08,2020-09-01,82.81256893573287,14.498054543627505,142.55,49.0,user08,2020-09-01,1,1,1,0,1,0,1,2020-08-31
user08,2020-09-05,85.57165062272257,13.897435949593564,161.88,49.0,user08,2020-09-05,1,1,1,0,0,0,1,2020-09-04
user08,2020-09-06,88.11399608542688,14.03277617842027,162.0,60.43,user08,2020-09-06,1,1,1,0,1,1,1,2020-09-05
user08,2020-09-09,82.51609527841529,15.723619055047685,161.57,51.0,user08,2020-09-09,0,0,0,1,1,0,1,2020-09-08
user08,2020-09-10,84.94277954781006,15.30282776016768,198.97,56.5,user08,2020-09-10,0,0,1,0,1,1,1,2020-09-09
user08,2020-09-14,86.97046798180298,18.796639732746275,202.3,55.58,user08,2020-09-14,1,1,1,0,1,0,1,2020-09-13
user08,2020-09-15,85.39484826960262,15.266782507203034,180.22,53.0,user08,2020-09-15,1,1,0,0,1,1,1,2020-09-14
user08,2020-09-17,90.2398307315468,14.267630785515903,153.4,49.0,user08,2020-09-17,1,1,1,0,0,1,0,2020-09-16
user08,2020-09-18,83.1161331935822,15.002514642102476,162.57,56.77,user08,2020-09-18,1,1,1,1,1,1,0,2020-09-17
user08,2020-09-19,86.94876530941126,14.056407761028245,156.58,50.68,user08,2020-09-19,1,1,1,0,1,1,0,2020-09-18
user08,2020-09-21,88.82051396731798,16.151990447174082,170.98,55.22,user08,2020-09-21,1,1,1,0,0,0,1,2020-09-20
user08,2020-09-22,144.2027908986175,37.655439678523805,207.48,55.0,user08,2020-09-22,0,1,1,0,0,0,0,2020-09-21
user08,2020-09-23,86.78240119208117,16.499546535040373,179.23,55.9,user08,2020-09-23,1,1,1,0,1,1,1,2020-09-22
user08,2020-09-24,85.87914509047638,15.964270800313907,153.43,55.02,user08,2020-09-24,1,1,0,0,1,1,1,2020-09-23
user09,2020-08-31,88.55863913999512,11.685170976450802,142.07,59.42,user09,2020-08-31,1,0,0,0,1,1,1,2020-08-30
user09,2020-09-01,85.99487975477219,12.174777453484024,159.85,49.0,user09,2020-09-01,0,0,0,0,0,0,1,2020-08-31
user09,2020-09-02,80.81288156983074,10.789331433673654,172.25,54.82,user09,2020-09-02,0,0,1,0,0,1,0,2020-09-01
user09,2020-09-03,82.70695264623956,15.853521693190164,166.48,55.07,user09,2020-09-03,0,1,1,0,0,1,0,2020-09-02
user09,2020-09-04,90.9314613243944,13.599698788806684,177.22,56.58,user09,2020-09-04,0,1,1,0,0,0,1,2020-09-03
user09,2020-09-05,95.18632010943912,13.739975033496362,158.33,65.87,user09,2020-09-05,0,0,0,0,0,1,0,2020-09-04
user09,2020-09-06,89.90389221061342,14.060739660137926,180.43,54.0,user09,2020-09-06,1,0,1,0,0,0,0,2020-09-05
user09,2020-09-07,80.29428840289688,11.497559747458912,152.07,49.0,user09,2020-09-07,0,0,1,0,0,0,0,2020-09-06
user09,2020-09-08,91.8000238887209,13.519475119991464,161.72,53.0,user09,2020-09-08,1,1,1,0,1,1,0,2020-09-07
user09,2020-09-09,85.44290366972477,17.82940521112979,184.3,54.57,user09,2020-09-09,1,1,1,0,0,0,0,2020-09-08
user09,2020-09-10,82.54687873936126,12.90371513036912,140.83,51.37,user09,2020-09-10,1,0,0,0,0,0,1,2020-09-09
user09,2020-09-11,86.39362309583879,13.193278970433738,173.62,57.12,user09,2020-09-11,1,0,1,0,0,0,1,2020-09-10
user09,2020-09-12,87.65817061213055,14.22268016178736,157.05,57.87,user09,2020-09-12,0,1,1,0,0,0,1,2020-09-11
user09,2020-09-13,88.74479511209114,12.093805938502308,148.7,59.23,user09,2020-09-13,1,0,1,0,1,0,1,2020-09-12
user09,2020-09-14,79.81271278339597,15.268541022912848,166.2,48.0,user09,2020-09-14,1,0,1,0,1,1,1,2020-09-13
user09,2020-09-15,88.64392408104429,22.99665674287687,199.3,58.47,user09,2020-09-15,1,1,1,0,0,0,0,2020-09-14
user09,2020-09-16,83.5915908404326,13.670282126802334,131.8,55.92,user09,2020-09-16,1,1,1,0,1,1,1,2020-09-15
user09,2020-09-17,84.6613214373014,10.76121839725625,132.42,57.48,user09,2020-09-17,0,0,1,0,0,0,1,2020-09-16
user09,2020-09-19,90.9225192058266,13.298425670316364,160.43,58.13,user09,2020-09-19,1,1,0,0,1,0,1,2020-09-18
user09,2020-09-20,89.59537637880011,12.339678723298578,150.83,59.38,user09,2020-09-20,1,0,0,0,1,1,1,2020-09-19
user09,2020-09-22,87.62597246376811,12.285350699272515,143.7,56.8,user09,2020-09-22,1,0,0,1,0,1,0,2020-09-21
user09,2020-09-23,85.40609561483585,11.007122288679996,135.43,56.52,user09,2020-09-23,1,1,1,0,0,1,1,2020-09-22
user09,2020-09-24,84.85516877327063,12.417659777359596,153.05,54.58,user09,2020-09-24,1,1,1,0,1,1,1,2020-09-23
user09,2020-09-25,86.70627429149798,13.290865932601593,172.88,56.27,user09,2020-09-25,0,0,0,0,0,0,1,2020-09-24
user09,2020-09-26,88.41182094594595,12.968642300939655,138.77,56.13,user09,2020-09-26,1,0,0,0,1,1,1,2020-09-25
user10,2020-09-05,92.06785091575092,15.393300466183836,155.47,67.18,user10,2020-09-05,0,0,0,0,0,1,0,2020-09-04
user10,2020-09-06,94.72513809030069,19.831942563154126,188.2,57.0,user10,2020-09-06,1,1,1,0,0,1,1,2020-09-05
user10,2020-09-07,80.56046748514524,10.494322217082242,142.15,57.82,user10,2020-09-07,1,0,0,0,1,0,1,2020-09-06
user10,2020-09-08,79.95735606532048,11.05294116348843,123.17,55.53,user10,2020-09-08,1,0,0,0,0,0,0,2020-09-07
user10,2020-09-09,81.30647011144885,10.74594736317839,131.28,49.0,user10,2020-09-09,1,0,0,0,0,0,1,2020-09-08
user10,2020-09-10,88.89932137947764,16.394140719619244,156.23,55.25,user10,2020-09-10,0,1,1,0,1,1,1,2020-09-09
user10,2020-09-11,84.06005655185501,11.960956094858979,144.72,55.78,user10,2020-09-11,0,0,0,0,0,0,0,2020-09-10
user10,2020-09-12,85.29415182874246,19.35686710338251,187.25,54.1,user10,2020-09-12,1,1,1,0,1,0,1,2020-09-11
user10,2020-09-13,90.9229005388168,9.048276834471965,143.77,56.0,user10,2020-09-13,1,1,1,0,0,0,1,2020-09-12
user10,2020-09-14,82.21783738974733,11.324226022252125,152.63,55.12,user10,2020-09-14,0,0,1,0,1,1,1,2020-09-13
user10,2020-09-15,86.40427783810877,13.984243416042576,171.7,56.72,user10,2020-09-15,0,1,1,0,1,0,1,2020-09-14
user10,2020-09-16,83.19556960922664,13.63215704334445,163.12,55.0,user10,2020-09-16,1,0,0,0,0,0,0,2020-09-15
user10,2020-09-17,76.11961259079904,11.743956815577068,175.05,50.12,user10,2020-09-17,1,1,1,0,0,0,1,2020-09-16
user10,2020-09-19,80.87813583868692,10.52358641926337,120.33,55.17,user10,2020-09-19,0,1,1,0,1,0,1,2020-09-18
user10,2020-09-20,83.85596217267526,17.526241661990397,194.55,57.8,user10,2020-09-20,1,1,1,1,0,0,0,2020-09-19
user10,2020-09-21,88.94681227576845,18.261804834497987,180.05,55.25,user10,2020-09-21,0,1,1,0,1,1,1,2020-09-20
user10,2020-09-22,85.74011453214322,16.831265919153182,164.97,54.52,user10,2020-09-22,0,1,1,0,1,1,1,2020-09-21
user10,2020-09-23,81.69765918196217,11.580988274683346,138.1,51.08,user10,2020-09-23,1,0,0,0,0,0,1,2020-09-22
user10,2020-09-24,81.45084578139486,10.36703939066236,134.43,52.87,user10,2020-09-24,0,0,0,0,1,0,1,2020-09-23
user10,2020-09-25,85.96466723313077,14.021462962069458,168.5,54.33,user10,2020-09-25,1,1,1,1,1,1,1,2020-09-24
user10,2020-09-26,94.03065596330275,12.760753327286997,153.72,58.3,user10,2020-09-26,0,1,1,0,1,1,1,2020-09-25
user11,2020-08-31,86.36664712950929,18.701266151648593,176.12,51.32,user11,2020-08-31,0,1,1,0,1,1,1,2020-08-30
user11,2020-09-01,85.56035540893812,19.540100107060702,179.77,49.0,user11,2020-09-01,1,0,0,1,1,1,0,2020-08-31
user11,2020-09-02,81.6649377715735,17.619107611971483,190.85,54.33,user11,2020-09-02,0,0,0,0,1,1,1,2020-09-01
user11,2020-09-03,82.30457937488606,18.15896347090931,199.87,56.0,user11,2020-09-03,0,0,0,0,1,1,1,2020-09-02
user11,2020-09-04,83.9138029308212,14.72041231743768,153.75,55.97,user11,2020-09-04,1,0,0,0,1,1,1,2020-09-03
user11,2020-09-08,88.3992291407223,16.13773768234277,180.07,55.88,user11,2020-09-08,0,0,1,0,0,1,1,2020-09-07
user11,2020-09-09,81.92168085906775,18.141406259333436,194.32,48.0,user11,2020-09-09,1,0,1,0,0,1,0,2020-09-08
user11,2020-09-11,85.80232187679111,19.279495986253078,182.08,53.82,user11,2020-09-11,1,1,1,0,1,1,1,2020-09-10
user11,2020-09-12,82.89983744533377,17.60223372899046,160.67,48.97,user11,2020-09-12,1,1,1,0,1,1,1,2020-09-11
user11,2020-09-13,85.9287565849228,21.00173333019667,196.13,47.17,user11,2020-09-13,1,0,0,0,1,1,1,2020-09-12
user11,2020-09-14,84.64119600504539,14.248057645707847,163.2,52.0,user11,2020-09-14,0,0,1,0,1,1,1,2020-09-13
user11,2020-09-15,83.411700368977,17.966993691345568,180.18,52.58,user11,2020-09-15,1,0,1,0,1,1,1,2020-09-14
user11,2020-09-16,89.18705748402158,18.640723731232256,190.9,54.27,user11,2020-09-16,1,0,1,0,1,1,1,2020-09-15
user11,2020-09-18,88.23188410495828,16.492336370030635,160.18,55.8,user11,2020-09-18,1,0,1,0,1,1,1,2020-09-17
user11,2020-09-20,80.17223461843147,18.006235460483346,194.45,48.68,user11,2020-09-20,0,1,1,0,0,0,1,2020-09-19
user11,2020-09-24,86.09262694241748,12.586936903868445,140.22,52.62,user11,2020-09-24,1,0,1,0,0,1,0,2020-09-23
user11,2020-09-26,77.16013154263638,15.619295186935963,178.97,52.82,user11,2020-09-26,1,0,1,0,1,1,0,2020-09-25
user12,2020-08-31,87.69315189328744,12.725327423215004,137.87,52.0,user12,2020-08-31,1,0,1,0,0,0,0,2020-08-30
user12,2020-09-01,84.3173247993762,11.71979543923717,154.07,52.67,user12,2020-09-01,0,0,0,1,1,0,1,2020-08-31
user12,2020-09-03,87.68042415697333,7.517179815712947,110.95,70.82,user12,2020-09-03,1,1,0,1,1,1,1,2020-09-02
user12,2020-09-05,86.6195840496922,12.834822739114069,159.9,55.0,user12,2020-09-05,1,1,1,0,1,1,1,2020-09-04
user12,2020-09-07,77.46438606611937,14.99220972952637,154.35,56.2,user12,2020-09-07,1,1,1,0,0,1,0,2020-09-06
user12,2020-09-08,85.82259824656758,14.455972719398202,175.48,56.62,user12,2020-09-08,1,0,1,1,1,1,0,2020-09-07
user12,2020-09-09,86.3504663084734,12.964233827365879,155.35,54.58,user12,2020-09-09,1,0,1,1,1,1,0,2020-09-08
user12,2020-09-10,90.90437693809578,22.054072059988453,193.8,57.08,user12,2020-09-10,1,1,1,0,1,0,1,2020-09-09
user12,2020-09-11,86.84918323217927,11.959303231314099,140.57,55.62,user12,2020-09-11,1,1,1,0,0,0,0,2020-09-10
user12,2020-09-12,86.69640348070894,14.154163702575653,160.23,56.25,user12,2020-09-12,1,0,1,1,0,1,0,2020-09-11
user12,2020-09-13,85.86484857780258,10.138523518705536,139.35,55.0,user12,2020-09-13,0,1,1,0,0,0,0,2020-09-12
user12,2020-09-15,89.33044116251257,16.35257140719424,146.25,55.7,user12,2020-09-15,1,0,0,0,0,0,0,2020-09-14
user12,2020-09-16,91.56767695783132,14.051876361558586,160.5,56.75,user12,2020-09-16,1,0,0,1,1,1,1,2020-09-15
user12,2020-09-17,94.43779438505345,24.34462633550247,203.88,56.38,user12,2020-09-17,1,1,0,0,0,0,1,2020-09-16
user12,2020-09-18,88.17149435060273,16.194177173774623,162.53,55.4,user12,2020-09-18,1,1,0,0,0,0,0,2020-09-17
user12,2020-09-19,84.90727914810387,13.183746768514089,147.58,55.6,user12,2020-09-19,1,1,1,0,1,1,0,2020-09-18
user12,2020-09-20,87.06590101522843,14.914465814298602,166.67,51.0,user12,2020-09-20,0,1,1,1,1,1,0,2020-09-19
user12,2020-09-22,89.75907917435012,15.259571354071298,147.52,53.92,user12,2020-09-22,0,0,0,0,1,0,1,2020-09-21
user12,2020-09-25,90.51978926686442,16.715667764706144,209.47,55.83,user12,2020-09-25,1,0,0,1,1,1,1,2020-09-24
user12,2020-09-26,88.5903302169783,19.622898198620362,202.88,56.75,user12,2020-09-26,1,1,1,1,0,0,0,2020-09-25
user21,2020-08-31,79.6977715813246,12.277439628703736,159.65,61.92,user21,2020-08-31,1,0,0,0,1,1,1,2020-08-30
user21,2020-09-01,81.12924201180954,12.891447798639867,152.07,53.58,user21,2020-09-01,1,0,0,0,1,1,1,2020-08-31
user21,2020-09-02,84.73506329634196,15.517381390441088,161.62,51.52,user21,2020-09-02,0,1,0,0,1,1,0,2020-09-01
user21,2020-09-03,83.01792797087631,15.093702589926568,159.47,54.0,user21,2020-09-03,1,1,0,0,1,1,1,2020-09-02
user21,2020-09-05,79.00755170579238,12.404175701846839,136.05,50.25,user21,2020-09-05,1,1,1,0,1,1,1,2020-09-04
user21,2020-09-06,77.632294110384,13.463529411630436,158.75,48.0,user21,2020-09-06,0,0,1,0,1,1,1,2020-09-05
user21,2020-09-08,81.34157802442206,13.263694244754783,152.45,56.17,user21,2020-09-08,1,0,0,1,1,1,1,2020-09-07
user21,2020-09-09,81.96924827624866,11.670247219486725,133.53,52.0,user21,2020-09-09,0,0,1,0,1,1,1,2020-09-08
user21,2020-09-11,78.20275803184941,12.807714441416573,145.1,47.52,user21,2020-09-11,1,1,0,1,1,1,1,2020-09-10
user21,2020-09-13,80.66650426734769,14.002186412058933,171.83,51.4,user21,2020-09-13,0,0,0,0,1,1,1,2020-09-12
user21,2020-09-14,76.17894196528825,10.860012728719514,136.73,57.48,user21,2020-09-14,1,1,1,1,1,1,1,2020-09-13
user21,2020-09-15,79.60368813481071,13.770618251078595,167.37,55.2,user21,2020-09-15,0,1,0,0,1,1,1,2020-09-14
user21,2020-09-20,86.09719444444445,3.898525118354283,94.25,73.92,user21,2020-09-20,1,1,1,1,1,1,1,2020-09-19
user21,2020-09-21,82.65569204636292,13.130840489570993,147.58,52.32,user21,2020-09-21,1,0,0,1,1,1,1,2020-09-20
user21,2020-09-22,80.46553804557745,6.515763755448388,118.38,55.0,user21,2020-09-22,1,0,1,1,1,1,1,2020-09-21
user21,2020-09-23,82.10233176720217,13.602593383120814,185.22,54.14,user21,2020-09-23,1,1,1,0,0,1,0,2020-09-22
user22,2020-09-07,83.53958832026414,14.00178683966068,162.25,54.8,user22,2020-09-07,1,1,1,0,1,1,1,2020-09-06
user22,2020-09-08,89.54318734225541,18.994431214854302,202.12,57.25,user22,2020-09-08,0,1,1,0,0,1,0,2020-09-07
user22,2020-09-09,87.52851536917714,17.58833990086397,173.23,50.8,user22,2020-09-09,0,1,1,0,1,1,1,2020-09-08
user22,2020-09-10,92.35109323063521,17.463620273468113,200.27,57.03,user22,2020-09-10,1,0,0,0,1,1,0,2020-09-09
user22,2020-09-11,85.63047504025765,10.316920444556924,134.92,64.55,user22,2020-09-11,0,0,0,0,0,0,1,2020-09-10
user22,2020-09-13,80.58803402646502,14.98603201789448,151.03,55.87,user22,2020-09-13,0,0,0,0,1,1,1,2020-09-12
user22,2020-09-14,86.35977703395778,14.717767833471047,184.1,55.83,user22,2020-09-14,1,0,1,0,1,1,1,2020-09-13
user22,2020-09-15,90.22560267430755,15.18220642664284,173.48,55.02,user22,2020-09-15,0,1,1,0,0,0,0,2020-09-14
user22,2020-09-16,87.4721090425532,10.723466943403757,151.97,62.38,user22,2020-09-16,0,0,0,0,1,1,1,2020-09-15
user22,2020-09-17,90.28019687436574,11.082554140389824,140.17,69.55,user22,2020-09-17,0,1,0,0,1,1,1,2020-09-16
user22,2020-09-18,85.66045747204338,10.419916430797967,125.08,49.0,user22,2020-09-18,1,1,0,0,0,1,0,2020-09-17
user22,2020-09-19,83.70730640668523,20.547684010847917,177.18,55.33,user22,2020-09-19,1,0,0,0,0,0,0,2020-09-18
user22,2020-09-20,85.51921886078941,19.197879181194683,201.12,59.12,user22,2020-09-20,1,1,0,0,0,1,0,2020-09-19
user22,2020-09-21,86.23700757575757,21.50706966989758,165.57,56.6,user22,2020-09-21,1,0,0,0,1,1,1,2020-09-20
user22,2020-09-22,91.67936627906977,15.539228493032892,181.22,58.68,user22,2020-09-22,1,1,0,0,0,1,0,2020-09-21
user22,2020-09-23,87.97562408759124,14.229194400717065,152.97,59.87,user22,2020-09-23,1,0,1,0,1,1,0,2020-09-22
user22,2020-09-24,89.7703134057971,13.293751282039388,146.13,70.05,user22,2020-09-24,1,0,0,0,0,0,1,2020-09-23
user22,2020-09-25,90.45585026041667,16.792836760427733,150.95,56.28,user22,2020-09-25,1,0,0,0,1,1,1,2020-09-24
user22,2020-09-26,86.85221764032073,15.380188397757749,150.1,54.35,user22,2020-09-26,1,0,0,1,1,1,1,2020-09-25
user23,2020-08-31,86.8854226408803,14.43218502458624,173.9,54.8,user23,2020-08-31,1,1,0,0,1,0,1,2020-08-30
user23,2020-09-01,86.68559951293457,13.472676256629496,165.43,48.0,user23,2020-09-01,0,1,0,0,0,0,1,2020-08-31
user23,2020-09-02,90.36815231627456,15.398330335905131,137.45,53.57,user23,2020-09-02,0,1,1,1,1,1,0,2020-09-01
user23,2020-09-03,80.55343432378544,9.616657957157361,133.68,56.2,user23,2020-09-03,1,1,1,1,1,1,1,2020-09-02
user23,2020-09-04,90.36987959392461,11.39946652364932,182.2,52.0,user23,2020-09-04,1,1,1,0,1,1,0,2020-09-03
user23,2020-09-05,88.24639105084745,13.00597098045611,147.58,58.12,user23,2020-09-05,1,1,0,0,0,1,0,2020-09-04
user23,2020-09-06,87.62565755347752,10.698781850378365,153.15,53.0,user23,2020-09-06,0,1,1,0,0,1,0,2020-09-05
user23,2020-09-07,84.3034676015137,9.669510617612254,152.67,61.55,user23,2020-09-07,0,1,1,0,0,1,0,2020-09-06
user23,2020-09-08,103.2329081353334,24.827111970160786,197.02,54.77,user23,2020-09-08,0,0,0,0,0,0,0,2020-09-07
user23,2020-09-09,88.637768964772,18.361125501818748,193.12,51.92,user23,2020-09-09,0,0,0,0,1,1,1,2020-09-08
user23,2020-09-10,106.89968267797776,26.484229075502082,202.1,56.4,user23,2020-09-10,0,1,1,0,1,1,1,2020-09-09
user23,2020-09-11,94.38801142758201,20.791871832431433,203.82,58.33,user23,2020-09-11,1,1,1,1,1,0,1,2020-09-10
user23,2020-09-12,83.65883477733017,16.46177946064006,165.3,54.9,user23,2020-09-12,0,1,1,0,1,0,1,2020-09-11
user23,2020-09-13,85.34278191029284,17.878289368722783,190.33,51.0,user23,2020-09-13,1,1,1,0,0,1,0,2020-09-12
user23,2020-09-14,87.92984468992672,12.951450282160698,156.0,57.25,user23,2020-09-14,1,1,1,0,1,1,1,2020-09-13
user23,2020-09-15,87.47529916217046,13.897113094626029,166.75,57.22,user23,2020-09-15,1,1,0,0,1,1,1,2020-09-14
user23,2020-09-16,88.14082895355297,13.504491495143027,168.57,53.0,user23,2020-09-16,0,1,1,1,1,1,1,2020-09-15
user23,2020-09-17,87.92772639484978,13.223959086148678,158.88,56.08,user23,2020-09-17,0,1,1,0,1,1,0,2020-09-16
user23,2020-09-18,91.46049472718936,14.463145285743364,180.47,55.75,user23,2020-09-18,0,1,1,0,1,1,1,2020-09-17
user23,2020-09-19,96.58845329294223,17.29010941371688,190.22,54.75,user23,2020-09-19,1,1,1,1,1,1,1,2020-09-18
user23,2020-09-20,87.3213279687881,11.710478436344767,170.62,52.0,user23,2020-09-20,1,0,0,1,1,1,1,2020-09-19
user23,2020-09-21,87.33925400877901,13.890243705848272,170.85,52.0,user23,2020-09-21,0,1,0,1,1,1,1,2020-09-20
user23,2020-09-22,88.24168385422544,14.41727234447406,167.73,54.8,user23,2020-09-22,1,1,1,1,1,1,1,2020-09-21
user23,2020-09-23,87.30117068273093,11.847206081053764,154.67,55.38,user23,2020-09-23,0,1,1,1,1,1,1,2020-09-22
user23,2020-09-24,91.70784960813387,20.519904574551404,190.35,54.67,user23,2020-09-24,1,1,1,0,1,1,1,2020-09-23
user23,2020-09-25,87.98665459729797,15.367196962392663,174.37,54.1,user23,2020-09-25,0,0,0,0,1,1,1,2020-09-24
user23,2020-09-26,86.92488791023968,13.489482003979965,172.93,58.87,user23,2020-09-26,0,0,0,0,1,1,1,2020-09-25
user24,2020-08-31,85.99134062985755,12.809841052587492,161.58,52.0,user24,2020-08-31,1,1,0,0,1,1,1,2020-08-30
user24,2020-09-01,89.15681790487022,13.582808266016167,166.97,52.0,user24,2020-09-01,1,1,1,0,1,1,0,2020-08-31
user24,2020-09-02,83.78217077683318,8.328065292070342,144.07,49.0,user24,2020-09-02,1,1,1,0,0,1,0,2020-09-01
user24,2020-09-03,82.42091250026337,9.945503958378767,140.78,55.58,user24,2020-09-03,0,0,0,0,1,1,1,2020-09-02
user24,2020-09-04,85.70991669088443,14.560793490750509,167.37,52.0,user24,2020-09-04,1,1,1,0,1,0,1,2020-09-03
user24,2020-09-05,84.31455498550079,10.296174730379654,149.65,55.43,user24,2020-09-05,1,1,1,1,1,1,1,2020-09-04
user24,2020-09-06,88.32043148688047,12.643854747308941,156.33,54.28,user24,2020-09-06,1,0,0,0,1,1,1,2020-09-05
user24,2020-09-07,85.23284136451728,13.45047869343251,162.33,55.65,user24,2020-09-07,1,1,0,0,0,1,1,2020-09-06
user24,2020-09-08,85.47496718171845,14.117426900539,164.5,56.07,user24,2020-09-08,0,1,0,0,0,0,1,2020-09-07
user24,2020-09-09,84.50146838529872,9.076894534814947,145.62,56.47,user24,2020-09-09,1,0,1,1,1,1,0,2020-09-08
user24,2020-09-10,85.47508218642638,10.687072029145167,161.18,55.45,user24,2020-09-10,1,1,1,0,1,0,1,2020-09-09
user24,2020-09-11,89.38644207663506,13.92371557200935,165.77,55.08,user24,2020-09-11,0,1,0,0,1,0,1,2020-09-10
user24,2020-09-12,83.12172382451395,9.807182332491179,145.48,53.88,user24,2020-09-12,1,1,1,1,1,0,0,2020-09-11
user24,2020-09-13,83.19859789540816,9.765652524481512,142.65,52.0,user24,2020-09-13,1,1,0,0,0,1,0,2020-09-12
user24,2020-09-15,84.17303173758866,13.445712467959616,147.62,56.92,user24,2020-09-15,1,0,0,0,0,0,1,2020-09-14
user24,2020-09-16,88.35881957197344,9.989374404621998,155.63,58.23,user24,2020-09-16,1,1,0,0,1,1,1,2020-09-15
user24,2020-09-17,86.41403153004381,10.886715322703598,151.08,57.3,user24,2020-09-17,0,0,0,0,1,1,1,2020-09-16
user24,2020-09-18,94.02719223173139,14.484369894286392,169.4,54.58,user24,2020-09-18,0,0,0,0,1,1,1,2020-09-17
user24,2020-09-19,83.06155405680754,10.713143828740318,153.88,57.73,user24,2020-09-19,1,0,1,0,1,1,1,2020-09-18
user24,2020-09-20,85.16884167341978,13.35729841715161,172.67,54.62,user24,2020-09-20,0,1,1,0,1,0,1,2020-09-19
user24,2020-09-21,89.46408897366241,12.63242513781777,172.38,56.13,user24,2020-09-21,1,1,0,0,0,0,1,2020-09-20
user24,2020-09-22,92.86364869291752,13.830377270647224,160.27,54.0,user24,2020-09-22,1,0,0,0,1,1,1,2020-09-21
user24,2020-09-23,84.20726612082747,9.215896042025793,153.72,61.08,user24,2020-09-23,0,0,0,0,1,0,1,2020-09-22
user24,2020-09-24,83.24118153000377,10.578732853605414,176.32,57.72,user24,2020-09-24,0,0,0,0,1,1,1,2020-09-23
user24,2020-09-25,93.37548501089582,13.074521262515558,164.02,56.91,user24,2020-09-25,1,1,0,0,1,1,1,2020-09-24
user24,2020-09-26,88.84019530034236,12.152502293413642,173.57,54.97,user24,2020-09-26,1,1,1,1,1,1,1,2020-09-25
user25,2020-09-01,76.29657523044901,14.575512155205423,160.03,51.42,user25,2020-09-01,1,0,1,0,0,1,0,2020-08-31
user25,2020-09-02,84.05385623180368,15.885782843900836,157.78,58.0,user25,2020-09-02,0,0,1,0,1,1,1,2020-09-01
user25,2020-09-03,74.24100112122127,14.851387253787703,139.12,50.95,user25,2020-09-03,0,1,1,0,1,1,1,2020-09-02
user25,2020-09-04,81.70510929691373,13.482901737540145,158.65,54.0,user25,2020-09-04,1,0,1,1,1,1,1,2020-09-03
user25,2020-09-05,75.45337794080444,10.16713806518977,129.37,54.07,user25,2020-09-05,0,0,1,0,1,1,1,2020-09-04
user25,2020-09-06,84.11242782874618,13.378561056192513,155.4,59.87,user25,2020-09-06,0,1,1,0,1,1,1,2020-09-05
user25,2020-09-07,85.5018442832039,22.14276004732302,193.27,55.85,user25,2020-09-07,0,1,1,0,0,1,0,2020-09-06
user25,2020-09-08,79.20351807134303,22.363125787621108,201.9,52.87,user25,2020-09-08,1,1,1,0,1,1,1,2020-09-07
user25,2020-09-09,78.34208474095469,16.971238488187023,173.33,49.0,user25,2020-09-09,1,0,0,0,1,0,1,2020-09-08
user25,2020-09-10,78.321322720422,13.424287562841611,178.05,56.4,user25,2020-09-10,1,1,1,0,1,1,1,2020-09-09
user25,2020-09-11,75.89068164988151,16.762861172169757,183.53,50.0,user25,2020-09-11,1,0,1,1,1,1,1,2020-09-10
user25,2020-09-12,85.90748357963875,7.824500075692914,127.98,64.88,user25,2020-09-12,1,1,1,0,1,1,1,2020-09-11
user25,2020-09-13,84.63643579994151,17.05349332425715,164.37,55.98,user25,2020-09-13,1,0,0,0,1,1,1,2020-09-12
user25,2020-09-14,79.84346331830994,13.61309382182051,164.95,54.43,user25,2020-09-14,0,0,1,0,1,1,1,2020-09-13
user25,2020-09-15,79.18731065983582,14.095234619478978,147.82,55.53,user25,2020-09-15,1,0,0,0,1,1,1,2020-09-14
user25,2020-09-16,80.10230682963301,15.928370562310585,158.15,56.98,user25,2020-09-16,1,0,0,0,1,0,1,2020-09-15
user25,2020-09-17,78.17870794444161,13.534665791682897,166.43,53.73,user25,2020-09-17,1,0,1,0,1,1,1,2020-09-16
user25,2020-09-19,80.61418089668616,10.513756741615945,132.6,55.97,user25,2020-09-19,1,0,1,1,1,1,1,2020-09-18
user25,2020-09-20,82.50712910241202,11.888520863520657,147.42,58.63,user25,2020-09-20,1,0,1,0,1,1,1,2020-09-19
user25,2020-09-21,80.95202178649237,14.823077239900995,151.7,52.37,user25,2020-09-21,1,0,1,0,1,1,1,2020-09-20
user25,2020-09-22,80.86069821826281,13.631063225409697,150.6,54.82,user25,2020-09-22,1,0,0,0,1,1,1,2020-09-21
user25,2020-09-23,75.07106094846195,12.52978399767983,132.9,56.35,user25,2020-09-23,1,0,1,0,1,1,1,2020-09-22
user25,2020-09-26,105.03152927927928,33.35705792568394,208.3,57.92,user25,2020-09-26,1,0,1,0,1,1,1,2020-09-25
user26,2020-08-31,85.36893437642412,13.424057118034918,151.48,54.2,user26,2020-08-31,0,0,0,0,0,1,0,2020-08-30
user26,2020-09-01,78.24603653415453,13.426244080133166,158.92,53.78,user26,2020-09-01,0,0,1,0,1,1,0,2020-08-31
user26,2020-09-02,91.01248313725489,17.624999721068292,146.77,56.37,user26,2020-09-02,0,1,1,0,1,1,1,2020-09-01
user26,2020-09-03,90.20260799265846,16.339295136632682,157.52,55.18,user26,2020-09-03,0,0,1,0,1,0,1,2020-09-02
user26,2020-09-04,89.05828989221722,15.578335115888363,198.17,53.93,user26,2020-09-04,1,0,0,0,1,1,1,2020-09-03
user26,2020-09-05,91.50839893077703,15.680895422392757,160.25,54.43,user26,2020-09-05,1,1,0,0,1,1,1,2020-09-04
user26,2020-09-06,86.8313292630162,13.48232571060903,153.35,53.88,user26,2020-09-06,1,1,1,0,1,1,1,2020-09-05
user26,2020-09-07,83.82429151086005,12.789210769577416,152.07,53.68,user26,2020-09-07,1,0,0,1,0,1,0,2020-09-06
user26,2020-09-08,94.03195850261173,18.95079888785904,183.98,52.0,user26,2020-09-08,1,1,1,0,0,0,1,2020-09-07
user26,2020-09-09,88.4370895039249,14.98154473399547,153.32,50.0,user26,2020-09-09,1,0,1,0,1,1,1,2020-09-08
user26,2020-09-10,89.64175820240813,14.96105989559888,178.97,55.0,user26,2020-09-10,1,0,1,1,1,1,1,2020-09-09
user26,2020-09-12,83.94957179487179,11.820427726007377,143.12,54.08,user26,2020-09-12,1,0,1,1,0,1,0,2020-09-11
user26,2020-09-13,86.0966233621824,19.99831470603257,188.1,55.28,user26,2020-09-13,0,0,1,0,1,1,1,2020-09-12
user26,2020-09-14,84.70668572281832,11.604349663551663,161.05,53.5,user26,2020-09-14,0,0,0,0,1,0,1,2020-09-13
user26,2020-09-15,87.40598799494524,19.122109930326097,170.48,56.3,user26,2020-09-15,0,0,0,0,0,0,1,2020-09-14
user26,2020-09-16,87.84331606097221,14.708972071325212,163.6,56.37,user26,2020-09-16,1,0,0,0,1,1,1,2020-09-15
user26,2020-09-17,89.87295172204828,14.631317611013321,178.4,54.0,user26,2020-09-17,1,0,0,0,1,1,1,2020-09-16
user26,2020-09-18,91.68189971050455,18.98326547363835,201.8,53.7,user26,2020-09-18,1,1,0,0,1,1,1,2020-09-17
user26,2020-09-19,90.1163106888136,14.864963437479094,149.47,55.08,user26,2020-09-19,1,0,1,0,1,1,1,2020-09-18
user26,2020-09-20,89.51977436527437,16.17732095758968,152.03,57.43,user26,2020-09-20,0,0,0,0,1,1,1,2020-09-19
user26,2020-09-21,90.272154626109,16.759473719987085,166.72,55.4,user26,2020-09-21,1,1,0,0,1,1,1,2020-09-20
user26,2020-09-22,81.65487111672522,15.261124560293334,151.17,51.55,user26,2020-09-22,0,0,1,0,1,1,1,2020-09-21
user26,2020-09-23,90.00559892843475,16.375450178844353,167.4,53.0,user26,2020-09-23,1,0,1,0,0,1,0,2020-09-22
user26,2020-09-24,84.66570547754485,14.53628159841193,170.63,54.65,user26,2020-09-24,1,0,0,0,1,0,1,2020-09-23
user26,2020-09-25,91.04645086273126,15.206587370782426,162.53,48.0,user26,2020-09-25,1,0,1,0,1,1,1,2020-09-24
user27,2020-09-04,79.22882412015443,14.209886537369012,193.48,52.15,user27,2020-09-04,1,0,1,0,1,1,1,2020-09-03
user27,2020-09-05,79.27221469338824,11.939873105185297,134.98,49.0,user27,2020-09-05,0,0,0,0,1,1,1,2020-09-04
user27,2020-09-06,79.22096197411003,8.73569540876913,122.88,61.52,user27,2020-09-06,1,1,1,1,0,0,1,2020-09-05
user27,2020-09-07,76.61808897922313,12.047952006902513,157.23,50.25,user27,2020-09-07,0,0,1,1,1,1,1,2020-09-06
user27,2020-09-08,82.23224276261372,17.654874052049877,157.13,55.78,user27,2020-09-08,0,0,1,0,0,0,1,2020-09-07
user27,2020-09-09,83.15171189218721,15.63660474765167,134.7,58.85,user27,2020-09-09,0,0,1,0,0,0,1,2020-09-08
user27,2020-09-10,78.61736533816425,12.073300763959248,154.68,59.58,user27,2020-09-10,1,0,0,0,1,0,0,2020-09-09
user27,2020-09-11,78.58365213489867,9.947539850380737,135.32,56.03,user27,2020-09-11,0,0,0,0,0,0,0,2020-09-10
user27,2020-09-14,94.54341537800687,28.23930421221955,204.4,57.97,user27,2020-09-14,1,0,0,1,1,0,1,2020-09-13
user27,2020-09-15,92.51879391891892,21.077283156355037,163.63,54.17,user27,2020-09-15,1,0,1,0,0,1,0,2020-09-14
user27,2020-09-16,85.7302070566388,18.135103553416556,157.45,60.2,user27,2020-09-16,1,1,0,1,1,1,0,2020-09-15
user27,2020-09-17,88.55789859219412,23.507297358968273,186.48,62.53,user27,2020-09-17,1,0,1,0,0,1,0,2020-09-16
user27,2020-09-20,79.65650210463018,10.402465891123994,129.53,56.07,user27,2020-09-20,1,0,1,0,1,1,1,2020-09-19
user27,2020-09-21,88.37103680072917,23.310386995564656,165.8,56.4,user27,2020-09-21,1,1,1,0,1,1,1,2020-09-20
user27,2020-09-22,83.86329840093956,11.864250906531268,128.6,55.65,user27,2020-09-22,0,1,1,0,1,1,1,2020-09-21
user27,2020-09-23,90.26738,15.159179671436728,148.38,56.0,user27,2020-09-23,1,0,0,0,0,0,1,2020-09-22
user27,2020-09-24,84.83657758995713,14.05496101383961,145.44,56.02,user27,2020-09-24,1,0,1,0,1,1,1,2020-09-23
user27,2020-09-27,103.48183933933934,29.468441413235183,197.0,55.22,user27,2020-09-27,1,1,1,0,1,1,1,2020-09-26
user27,2020-09-28,82.85287398373984,11.454909045490924,129.72,60.38,user27,2020-09-28,1,0,1,0,0,1,1,2020-09-27
user27,2020-09-29,86.83354352441613,15.317001034949895,146.9,56.02,user27,2020-09-29,1,0,1,0,1,1,1,2020-09-28
user27,2020-09-30,80.01903552887735,10.202584405420195,125.92,55.08,user27,2020-09-30,1,0,0,0,1,1,1,2020-09-29
user27,2020-10-01,88.90844039735099,14.52293099703928,138.4,56.48,user27,2020-10-01,1,0,0,0,1,0,1,2020-09-30
user28,2020-08-31,88.66122679234505,14.466474737996183,152.62,55.22,user28,2020-08-31,0,0,0,0,1,1,0,2020-08-30
user28,2020-09-01,85.85968787796733,14.265992981618488,200.03,54.08,user28,2020-09-01,1,1,0,0,0,1,0,2020-08-31
user28,2020-09-02,85.57050713443635,13.42665489810051,151.58,59.25,user28,2020-09-02,1,0,0,0,0,1,0,2020-09-01
user28,2020-09-05,83.4641102951705,18.51686600997444,204.18,55.64,user28,2020-09-05,1,1,1,0,1,1,0,2020-09-04
user28,2020-09-06,93.24858847402598,17.41445250581533,186.78,61.05,user28,2020-09-06,1,1,0,0,1,1,1,2020-09-05
user28,2020-09-07,87.55373648586,12.594949841040313,146.73,49.0,user28,2020-09-07,1,0,0,0,0,1,0,2020-09-06
user28,2020-09-08,84.72729570314641,13.607060811453856,147.77,56.57,user28,2020-09-08,1,0,0,0,0,0,0,2020-09-07
user28,2020-09-09,85.76263417666674,14.493621747274238,155.4,55.27,user28,2020-09-09,1,1,0,0,0,1,0,2020-09-08
user28,2020-09-10,85.75003693884764,12.7863180365433,152.58,55.0,user28,2020-09-10,0,1,1,0,0,0,1,2020-09-09
user28,2020-09-11,92.01246054563882,16.456293204102547,190.23,55.83,user28,2020-09-11,1,1,1,0,0,1,0,2020-09-10
user28,2020-09-12,94.02805288461539,21.968863722186185,188.07,64.02,user28,2020-09-12,1,1,1,0,0,1,0,2020-09-11
user28,2020-09-13,82.77490865561694,15.73017853489472,181.27,54.05,user28,2020-09-13,0,0,1,0,0,1,0,2020-09-12
user28,2020-09-14,87.59233878729547,13.517476333925309,161.17,56.28,user28,2020-09-14,1,1,0,0,0,1,0,2020-09-13
user28,2020-09-16,84.90326645444378,12.47751911827926,144.08,56.67,user28,2020-09-16,1,0,0,0,0,1,0,2020-09-15
user28,2020-09-17,84.13724267349481,14.091310608345276,182.0,54.68,user28,2020-09-17,1,0,1,0,1,1,1,2020-09-16
user28,2020-09-18,85.318859362746,15.375962379191606,177.62,52.0,user28,2020-09-18,1,0,0,0,1,1,0,2020-09-17
user28,2020-09-21,86.56750211223974,13.869204919705604,174.25,53.85,user28,2020-09-21,0,0,0,0,0,1,0,2020-09-20
user28,2020-09-22,86.26523762711864,13.665767142916122,153.2,56.47,user28,2020-09-22,0,0,0,0,0,1,0,2020-09-21
user28,2020-09-23,86.90383758251075,14.783246135384182,193.75,54.5,user28,2020-09-23,1,0,0,0,0,1,0,2020-09-22
user28,2020-09-24,83.23104501728542,13.748453462244477,163.92,51.0,user28,2020-09-24,1,0,0,0,1,1,0,2020-09-23
user28,2020-09-25,85.55208550123031,14.59450219136171,160.72,56.18,user28,2020-09-25,1,0,0,0,1,1,0,2020-09-24
user29,2020-08-31,71.96806006989952,10.562641236080406,124.33,55.05,user29,2020-08-31,1,0,0,1,1,1,1,2020-08-30
user29,2020-09-09,74.95368118246878,12.277476717862701,191.87,53.67,user29,2020-09-09,0,0,1,1,0,0,0,2020-09-08
user29,2020-09-10,73.98107329367423,9.14453347258713,120.77,54.72,user29,2020-09-10,0,0,1,1,1,1,0,2020-09-09
user29,2020-09-11,74.73319937608954,10.878978138334034,144.87,54.1,user29,2020-09-11,0,1,1,1,1,0,1,2020-09-10
user29,2020-09-12,79.56778591160221,12.313454960416312,151.95,58.05,user29,2020-09-12,1,0,1,0,0,1,0,2020-09-11
user29,2020-09-13,81.18819312660578,12.47796804437125,142.37,57.57,user29,2020-09-13,1,0,1,0,0,0,1,2020-09-12
user29,2020-09-14,79.65707223663988,11.416815099120527,148.37,60.68,user29,2020-09-14,0,1,0,0,0,0,0,2020-09-13
user30,2020-08-31,82.37910953981235,10.11424186613976,131.77,49.0,user30,2020-08-31,0,1,0,0,1,1,1,2020-08-30
user30,2020-09-01,83.10151236469243,9.973560811639494,125.98,50.0,user30,2020-09-01,1,1,0,0,1,0,1,2020-08-31
user30,2020-09-02,78.11568339064507,9.96427257544472,142.3,56.0,user30,2020-09-02,1,1,0,0,1,0,1,2020-09-01
user30,2020-09-03,77.26194846008799,9.37070062635981,147.73,56.35,user30,2020-09-03,1,1,0,0,1,0,1,2020-09-02
user30,2020-09-04,81.04555789602847,8.927705734246198,122.65,56.4,user30,2020-09-04,1,1,1,0,1,1,0,2020-09-03
user30,2020-09-05,76.94206594643259,7.585895997460477,111.15,48.0,user30,2020-09-05,1,1,1,1,0,0,1,2020-09-04
user30,2020-09-06,74.90085984522786,7.322236774309314,134.68,52.0,user30,2020-09-06,0,0,1,0,0,0,0,2020-09-05
user30,2020-09-07,80.58971814457627,9.104029142249365,124.85,52.0,user30,2020-09-07,1,0,0,0,1,0,1,2020-09-06
user30,2020-09-08,81.45937811348733,10.884109241245152,159.27,48.0,user30,2020-09-08,0,0,0,0,1,1,1,2020-09-07
user30,2020-09-09,80.38088553396857,9.868986142172764,138.26,52.58,user30,2020-09-09,0,0,1,0,1,0,1,2020-09-08
user30,2020-09-10,84.11633168951968,10.176711505897758,147.52,61.02,user30,2020-09-10,0,0,1,0,1,0,1,2020-09-09
user30,2020-09-11,80.77038005086183,9.579069677976188,141.37,55.17,user30,2020-09-11,1,1,1,1,1,1,1,2020-09-10
user30,2020-09-12,74.07914049586778,6.7560943500542034,113.62,46.85,user30,2020-09-12,0,0,1,0,0,0,1,2020-09-11
user30,2020-09-13,73.073462024009,6.163470051063054,112.18,54.5,user30,2020-09-13,1,0,1,0,0,0,1,2020-09-12
user30,2020-09-14,89.16983676942715,11.448081378183437,148.38,48.0,user30,2020-09-14,0,0,1,0,1,0,1,2020-09-13
user30,2020-09-15,80.35777530007175,9.9669785513899,145.9,52.0,user30,2020-09-15,0,0,0,0,1,1,1,2020-09-14
user30,2020-09-16,78.44405120916701,11.797915949687683,154.13,54.67,user30,2020-09-16,0,0,1,0,1,0,1,2020-09-15
user30,2020-09-17,81.7904530483615,9.36207550182913,121.33,57.57,user30,2020-09-17,0,0,1,0,1,0,1,2020-09-16
user30,2020-09-18,83.73219171898724,11.14132028516501,143.88,55.92,user30,2020-09-18,0,0,1,0,0,0,1,2020-09-17
user30,2020-09-19,76.80886068823732,10.509193898712677,137.08,53.53,user30,2020-09-19,0,1,1,0,0,0,1,2020-09-18
user30,2020-09-20,75.15981251013929,7.964287704241478,146.07,52.0,user30,2020-09-20,0,0,1,0,1,1,1,2020-09-19
user30,2020-09-21,82.38597620346242,8.435692075215046,132.67,58.22,user30,2020-09-21,0,0,1,0,1,0,0,2020-09-20
user30,2020-09-22,79.46599257633027,8.875902480470462,118.7,52.98,user30,2020-09-22,0,0,1,0,1,1,1,2020-09-21
user30,2020-09-23,80.29412256660352,10.488454828278677,137.03,59.0,user30,2020-09-23,0,0,1,0,1,1,0,2020-09-22
user30,2020-09-24,79.66812987304797,9.260802147924538,137.95,48.0,user30,2020-09-24,1,0,1,0,1,1,1,2020-09-23
user30,2020-09-25,80.91636253698701,10.033401044971097,133.68,51.0,user30,2020-09-25,0,0,1,0,1,1,0,2020-09-24
